-- phpMyAdmin SQL Dump
-- version 5.1.3
-- https://www.phpmyadmin.net/
--
-- Хост: localhost:3306
-- Время создания: Фев 22 2022 г., 14:04
-- Версия сервера: 10.6.4-MariaDB-1:10.6.4+maria~focal
-- Версия PHP: 7.4.24

SET SQL_MODE = "NO_AUTO_VALUE_ON_ZERO";
START TRANSACTION;
SET time_zone = "+00:00";


/*!40101 SET @OLD_CHARACTER_SET_CLIENT=@@CHARACTER_SET_CLIENT */;
/*!40101 SET @OLD_CHARACTER_SET_RESULTS=@@CHARACTER_SET_RESULTS */;
/*!40101 SET @OLD_COLLATION_CONNECTION=@@COLLATION_CONNECTION */;
/*!40101 SET NAMES utf8mb4 */;

--
-- База данных: `23feb_23feb`
--

-- --------------------------------------------------------

--
-- Структура таблицы `g22_game2_answer`
--

CREATE TABLE `g22_game2_answer` (
  `id_game` int(11) NOT NULL,
  `answer` int(11) NOT NULL,
  `link` varchar(150) NOT NULL
) ENGINE=InnoDB DEFAULT CHARSET=utf8mb3;

--
-- Дамп данных таблицы `g22_game2_answer`
--

INSERT INTO `g22_game2_answer` (`id_game`, `answer`, `link`) VALUES
(3, 1, 'https://www.youtube.com/embed/-oG3hv8K3xs'),
(4, 1, 'https://www.youtube.com/embed/aT0ozccdEYg'),
(5, 0, 'https://www.youtube.com/embed/4pN5KD96QNc'),
(6, 1, 'https://www.youtube.com/embed/ZvTCkoS09uo'),
(7, 1, 'https://www.youtube.com/embed/rA9xUpHlw58'),
(8, 0, 'https://www.youtube.com/embed/h3fT9HOgmp0'),
(9, 0, 'https://www.youtube.com/embed/230j_czVRoU'),
(10, 1, 'https://www.youtube.com/embed/yUC6QOOsj5c'),
(11, 1, 'https://www.youtube.com/embed/xnU-oFF4sHg'),
(12, 0, 'https://www.youtube.com/embed/Z4JO04bhINQ'),
(13, 1, 'https://www.youtube.com/embed/dxOOCXJ3y2I'),
(14, 1, 'https://www.youtube.com/embed/pkoeZgFsNCA');

-- --------------------------------------------------------

--
-- Структура таблицы `g22_game_event`
--

CREATE TABLE `g22_game_event` (
  `id_event` int(11) NOT NULL,
  `id_user` int(11) NOT NULL,
  `id_game` int(11) NOT NULL,
  `score` int(11) NOT NULL,
  `time_end` int(11) NOT NULL,
  `time_start` int(11) DEFAULT NULL
) ENGINE=InnoDB DEFAULT CHARSET=utf8mb3;

--
-- Дамп данных таблицы `g22_game_event`
--

INSERT INTO `g22_game_event` (`id_event`, `id_user`, `id_game`, `score`, `time_end`, `time_start`) VALUES
(1, 4, 3, 0, 1645509856, NULL),
(2, 3, 1, 13300, 1645509922, NULL),
(3, 3, 1, 14950, 1645510028, NULL),
(4, 3, 1, 15400, 1645510140, NULL),
(5, 9, 3, 1, 1645510220, NULL),
(6, 8, 1, 10850, 1645510268, NULL),
(7, 9, 4, 1, 1645510272, NULL),
(8, 2, 1, 10150, 1645510287, NULL),
(9, 11, 1, 7650, 1645510314, NULL),
(10, 10, 16, 1, 1645510325, 1645510201),
(11, 10, 17, 1, 1645510325, 1645510201),
(12, 12, 1, 8650, 1645510330, NULL),
(13, 13, 1, 9650, 1645510358, NULL),
(14, 9, 5, 1, 1645510412, NULL),
(15, 2, 1, 13100, 1645510429, NULL),
(16, 7, 18, 14, 1645510435, 2758),
(17, 9, 6, 1, 1645510445, NULL),
(18, 14, 1, 10650, 1645510447, NULL),
(19, 13, 1, 14700, 1645510464, NULL),
(20, 9, 7, 1, 1645510465, NULL),
(21, 10, 18, 10, 1645510497, 2207),
(22, 9, 8, 0, 1645510523, NULL),
(23, 10, 3, 1, 1645510525, NULL),
(24, 2, 3, 1, 1645510544, NULL),
(25, 9, 9, 0, 1645510545, NULL),
(26, 14, 1, 12400, 1645510557, NULL),
(27, 10, 4, 1, 1645510564, NULL),
(28, 13, 1, 13650, 1645510568, NULL),
(29, 9, 10, 0, 1645510568, NULL),
(30, 6, 1, 7900, 1645510578, NULL),
(31, 20, 1, 9650, 1645510582, NULL),
(32, 6, 18, 14, 1645510584, 5183),
(33, 10, 5, 0, 1645510587, NULL),
(34, 9, 11, 1, 1645510589, NULL),
(35, 18, 1, 11150, 1645510591, NULL),
(36, 2, 4, 1, 1645510601, NULL),
(37, 22, 3, 1, 1645510601, NULL),
(38, 9, 12, 0, 1645510620, NULL),
(39, 9, 13, 0, 1645510640, NULL),
(40, 22, 4, 0, 1645510645, NULL),
(41, 2, 5, 1, 1645510645, NULL),
(42, 9, 14, 1, 1645510669, NULL),
(43, 13, 1, 10650, 1645510671, NULL),
(44, 10, 6, 0, 1645510681, NULL),
(45, 2, 6, 1, 1645510687, NULL),
(46, 6, 1, 12050, 1645510694, NULL),
(47, 25, 3, 1, 1645510704, NULL),
(48, 18, 1, 15400, 1645510708, NULL),
(49, 10, 7, 1, 1645510712, NULL),
(50, 6, 1, 5400, 1645510713, NULL),
(51, 23, 1, 11650, 1645510723, NULL),
(52, 2, 7, 1, 1645510724, NULL),
(53, 22, 5, 1, 1645510727, NULL),
(54, 8, 18, 12, 1645510738, 261),
(55, 21, 1, 10250, 1645510742, NULL),
(56, 25, 4, 0, 1645510756, NULL),
(57, 24, 1, 7000, 1645510764, NULL),
(58, 22, 6, 1, 1645510771, NULL),
(59, 13, 1, 15700, 1645510775, NULL),
(60, 3, 16, 0, 1645510781, 1645510206),
(61, 3, 17, 1, 1645510781, 1645510206),
(62, 25, 5, 1, 1645510781, NULL),
(63, 10, 8, 0, 1645510783, NULL),
(64, 2, 8, 1, 1645510801, NULL),
(65, 6, 1, 11150, 1645510804, NULL),
(66, 10, 9, 0, 1645510813, NULL),
(67, 25, 6, 1, 1645510813, NULL),
(68, 27, 1, 13250, 1645510819, NULL),
(69, 6, 1, 10550, 1645510819, NULL),
(70, 11, 18, 10, 1645510823, 341),
(71, 7, 1, 8350, 1645510831, NULL),
(72, 10, 10, 1, 1645510837, NULL),
(73, 25, 7, 1, 1645510846, NULL),
(74, 10, 11, 1, 1645510875, NULL),
(75, 2, 9, 0, 1645510875, NULL),
(76, 13, 1, 12700, 1645510877, NULL),
(77, 8, 16, 0, 1645510884, 1645510748),
(78, 8, 17, 0, 1645510884, 1645510748),
(79, 4, 4, 0, 1645510887, NULL),
(80, 4, 5, 1, 1645510892, NULL),
(81, 25, 8, 1, 1645510893, NULL),
(82, 29, 1, 11000, 1645510894, NULL),
(83, 22, 7, 1, 1645510896, NULL),
(84, 3, 16, 0, 1645510897, 1645510782),
(85, 3, 17, 0, 1645510897, 1645510782),
(86, 4, 6, 0, 1645510900, NULL),
(87, 10, 12, 0, 1645510900, NULL),
(88, 2, 10, 0, 1645510918, NULL),
(89, 4, 7, 1, 1645510923, NULL),
(90, 6, 1, 10000, 1645510925, NULL),
(91, 25, 9, 0, 1645510926, NULL),
(92, 19, 18, 14, 1645510929, 2148),
(93, 10, 13, 1, 1645510931, NULL),
(94, 22, 8, 0, 1645510938, NULL),
(95, 4, 8, 1, 1645510951, NULL),
(96, 2, 11, 0, 1645510951, NULL),
(97, 25, 10, 1, 1645510953, NULL),
(98, 10, 14, 1, 1645510955, NULL),
(99, 18, 18, 13, 1645510963, 249),
(100, 4, 9, 0, 1645510967, NULL),
(101, 24, 1, 8050, 1645510969, NULL),
(102, 4, 10, 1, 1645510983, NULL),
(103, 25, 11, 1, 1645510990, NULL),
(104, 2, 12, 1, 1645510991, NULL),
(105, 19, 3, 1, 1645511002, NULL),
(106, 4, 11, 1, 1645511005, NULL),
(107, 29, 1, 9850, 1645511010, NULL),
(108, 2, 13, 1, 1645511015, NULL),
(109, 22, 9, 0, 1645511019, NULL),
(110, 32, 1, 4250, 1645511022, NULL),
(111, 19, 4, 0, 1645511026, NULL),
(112, 6, 1, 11750, 1645511027, NULL),
(113, 3, 16, 1, 1645511031, 1645510898),
(114, 3, 17, 0, 1645511031, 1645510898),
(115, 19, 5, 1, 1645511034, NULL),
(116, 25, 12, 1, 1645511036, NULL),
(117, 4, 12, 1, 1645511041, NULL),
(118, 2, 14, 1, 1645511043, NULL),
(119, 22, 10, 1, 1645511044, NULL),
(120, 4, 13, 1, 1645511058, NULL),
(121, 19, 6, 1, 1645511069, NULL),
(122, 31, 1, 5850, 1645511070, NULL),
(123, 25, 13, 0, 1645511072, NULL),
(124, 4, 14, 1, 1645511072, NULL),
(125, 6, 3, 1, 1645511078, NULL),
(126, 25, 14, 1, 1645511100, NULL),
(127, 19, 7, 1, 1645511103, NULL),
(128, 33, 1, 10150, 1645511111, NULL),
(129, 29, 1, 12100, 1645511114, NULL),
(130, 22, 11, 1, 1645511117, NULL),
(131, 32, 1, 5200, 1645511125, NULL),
(132, 19, 8, 0, 1645511130, NULL),
(133, 6, 1, 10700, 1645511136, NULL),
(134, 6, 4, 1, 1645511137, NULL),
(135, 36, 3, 1, 1645511139, NULL),
(136, 3, 18, 10, 1645511155, 57),
(137, 22, 12, 0, 1645511163, NULL),
(138, 6, 5, 1, 1645511171, NULL),
(139, 31, 1, 7450, 1645511183, NULL),
(140, 10, 1, 20700, 1645511188, NULL),
(141, 27, 16, 0, 1645511189, 1645510847),
(142, 27, 17, 1, 1645511189, 1645510847),
(143, 22, 13, 0, 1645511193, NULL),
(144, 36, 4, 1, 1645511195, NULL),
(145, 26, 1, 3900, 1645511207, NULL),
(146, 6, 6, 0, 1645511211, NULL),
(147, 22, 14, 1, 1645511218, NULL),
(148, 34, 1, 4150, 1645511229, NULL),
(149, 36, 5, 0, 1645511234, NULL),
(150, 6, 1, 11000, 1645511239, NULL),
(151, 6, 7, 1, 1645511244, NULL),
(152, 36, 6, 0, 1645511267, NULL),
(153, 39, 1, 5050, 1645511272, NULL),
(154, 6, 8, 0, 1645511280, NULL),
(155, 33, 18, 14, 1645511295, 4083),
(156, 36, 7, 1, 1645511300, NULL),
(157, 3, 3, 1, 1645511307, NULL),
(158, 35, 3, 1, 1645511311, NULL),
(159, 26, 1, 11750, 1645511317, NULL),
(160, 29, 1, 9800, 1645511319, NULL),
(161, 36, 8, 0, 1645511323, NULL),
(162, 19, 9, 0, 1645511325, NULL),
(163, 6, 9, 0, 1645511326, NULL),
(164, 19, 10, 1, 1645511340, NULL),
(165, 6, 1, 9150, 1645511343, NULL),
(166, 36, 9, 1, 1645511352, NULL),
(167, 30, 18, 14, 1645511356, 2488),
(168, 6, 10, 1, 1645511358, NULL),
(169, 27, 16, 1, 1645511359, 1645511189),
(170, 27, 17, 0, 1645511359, 1645511189),
(171, 19, 11, 1, 1645511362, NULL),
(172, 35, 4, 1, 1645511368, NULL),
(173, 3, 4, 1, 1645511368, NULL),
(174, 34, 18, 9, 1645511370, 112),
(175, 25, 16, 0, 1645511375, 1645511161),
(176, 36, 10, 1, 1645511375, NULL),
(177, 25, 17, 1, 1645511375, 1645511161),
(178, 39, 1, 9300, 1645511376, NULL),
(179, 19, 12, 0, 1645511399, NULL),
(180, 27, 3, 1, 1645511400, NULL),
(181, 35, 5, 0, 1645511404, NULL),
(182, 28, 18, 14, 1645511411, 667),
(183, 36, 11, 0, 1645511412, NULL),
(184, 26, 1, 12800, 1645511422, NULL),
(185, 29, 1, 10350, 1645511424, NULL),
(186, 6, 11, 0, 1645511427, NULL),
(187, 19, 13, 1, 1645511431, NULL),
(188, 36, 12, 0, 1645511435, NULL),
(189, 35, 6, 1, 1645511449, NULL),
(190, 27, 4, 0, 1645511452, NULL),
(191, 3, 5, 1, 1645511455, NULL),
(192, 19, 14, 1, 1645511459, NULL),
(193, 36, 13, 1, 1645511463, NULL),
(194, 6, 12, 0, 1645511463, NULL),
(195, 36, 14, 1, 1645511489, NULL),
(196, 35, 7, 1, 1645511489, NULL),
(197, 3, 6, 1, 1645511502, NULL),
(198, 6, 13, 0, 1645511503, NULL),
(199, 25, 16, 0, 1645511525, 1645511376),
(200, 25, 17, 0, 1645511525, 1645511376),
(201, 31, 18, 14, 1645511527, 2346),
(202, 6, 14, 1, 1645511538, NULL),
(203, 3, 7, 1, 1645511539, NULL),
(204, 35, 8, 1, 1645511539, NULL),
(205, 26, 1, 14200, 1645511542, NULL),
(206, 3, 8, 1, 1645511581, NULL),
(207, 30, 1, 13450, 1645511583, NULL),
(208, 29, 1, 9200, 1645511587, NULL),
(209, 35, 9, 1, 1645511594, NULL),
(210, 27, 5, 1, 1645511595, NULL),
(211, 23, 18, 12, 1645511609, 932),
(212, 34, 16, 0, 1645511623, 1645511382),
(213, 34, 17, 1, 1645511623, 1645511382),
(214, 34, 16, 0, 1645511624, 1645511624),
(215, 25, 16, 0, 1645511624, 1645511526),
(216, 34, 17, 0, 1645511624, 1645511624),
(217, 25, 17, 0, 1645511624, 1645511526),
(218, 35, 10, 0, 1645511626, NULL),
(219, 3, 9, 1, 1645511627, NULL),
(220, 20, 18, 14, 1645511628, 2810),
(221, 28, 1, 15150, 1645511634, NULL),
(222, 27, 6, 0, 1645511642, NULL),
(223, 26, 1, 10450, 1645511649, NULL),
(224, 27, 7, 1, 1645511660, NULL),
(225, 3, 10, 1, 1645511666, NULL),
(226, 34, 16, 0, 1645511674, 1645511625),
(227, 34, 17, 0, 1645511674, 1645511625),
(228, 35, 11, 1, 1645511675, NULL),
(229, 11, 16, 1, 1645511683, 1645510842),
(230, 11, 17, 1, 1645511683, 1645510842),
(231, 33, 3, 1, 1645511685, NULL),
(232, 29, 1, 9550, 1645511691, NULL),
(233, 35, 12, 0, 1645511713, NULL),
(234, 34, 3, 1, 1645511720, NULL),
(235, 27, 8, 0, 1645511729, NULL),
(236, 34, 4, 1, 1645511747, NULL),
(237, 35, 13, 0, 1645511750, NULL),
(238, 26, 1, 12750, 1645511757, NULL),
(239, 27, 9, 0, 1645511761, NULL),
(240, 3, 11, 1, 1645511776, NULL),
(241, 34, 5, 0, 1645511781, NULL),
(242, 27, 10, 1, 1645511787, NULL),
(243, 29, 1, 13050, 1645511793, NULL),
(244, 35, 14, 0, 1645511796, NULL),
(245, 33, 4, 0, 1645511803, NULL),
(246, 41, 18, 14, 1645511805, 36),
(247, 34, 6, 0, 1645511806, NULL),
(248, 34, 7, 1, 1645511820, NULL),
(249, 27, 11, 0, 1645511820, NULL),
(250, 33, 5, 1, 1645511836, NULL),
(251, 34, 8, 0, 1645511842, NULL),
(252, 3, 12, 1, 1645511845, NULL),
(253, 34, 9, 1, 1645511860, NULL),
(254, 27, 12, 0, 1645511869, NULL),
(255, 3, 13, 1, 1645511875, NULL),
(256, 33, 6, 1, 1645511876, NULL),
(257, 34, 10, 1, 1645511877, NULL),
(258, 30, 3, 1, 1645511881, NULL),
(259, 27, 13, 0, 1645511894, NULL),
(260, 34, 11, 0, 1645511898, NULL),
(261, 29, 1, 11400, 1645511904, NULL),
(262, 33, 7, 0, 1645511913, NULL),
(263, 34, 12, 0, 1645511915, NULL),
(264, 4, 18, 14, 1645511920, 3594),
(265, 27, 14, 1, 1645511928, NULL),
(266, 30, 4, 1, 1645511934, NULL),
(267, 34, 13, 1, 1645511942, NULL),
(268, 3, 14, 1, 1645511947, NULL),
(269, 34, 14, 1, 1645511965, NULL),
(270, 23, 3, 1, 1645511991, NULL),
(271, 33, 8, 0, 1645511992, NULL),
(272, 30, 5, 1, 1645511993, NULL),
(273, 31, 3, 1, 1645511997, NULL),
(274, 46, 3, 1, 1645512008, NULL),
(275, 31, 4, 0, 1645512023, NULL),
(276, 31, 5, 0, 1645512044, NULL),
(277, 30, 6, 1, 1645512054, NULL),
(278, 46, 4, 1, 1645512068, NULL),
(279, 31, 6, 1, 1645512072, NULL),
(280, 11, 1, 7350, 1645512079, NULL),
(281, 45, 1, 9400, 1645512080, NULL),
(282, 31, 7, 1, 1645512088, NULL),
(283, 24, 16, 0, 1645512090, 1645510990),
(284, 24, 17, 0, 1645512090, 1645510990),
(285, 23, 4, 0, 1645512098, NULL),
(286, 46, 5, 0, 1645512113, NULL),
(287, 33, 9, 0, 1645512115, NULL),
(288, 30, 7, 1, 1645512116, NULL),
(289, 31, 8, 1, 1645512128, NULL),
(290, 23, 5, 0, 1645512133, NULL),
(291, 24, 3, 1, 1645512135, NULL),
(292, 46, 6, 1, 1645512162, NULL),
(293, 33, 10, 0, 1645512164, NULL),
(294, 23, 6, 1, 1645512167, NULL),
(295, 31, 9, 1, 1645512169, NULL),
(296, 3, 1, 16150, 1645512180, NULL),
(297, 45, 1, 12350, 1645512186, NULL),
(298, 11, 1, 7200, 1645512198, NULL),
(299, 31, 10, 1, 1645512201, NULL),
(300, 23, 7, 1, 1645512206, NULL),
(301, 2, 18, 14, 1645512206, 86),
(302, 46, 7, 1, 1645512207, NULL),
(303, 27, 18, 14, 1645512212, 236),
(304, 31, 11, 0, 1645512230, NULL),
(305, 33, 11, 1, 1645512235, NULL),
(306, 45, 3, 0, 1645512236, NULL),
(307, 31, 12, 0, 1645512259, NULL),
(308, 23, 8, 0, 1645512260, NULL),
(309, 46, 8, 1, 1645512266, NULL),
(310, 31, 13, 0, 1645512286, NULL),
(311, 33, 12, 1, 1645512288, NULL),
(312, 11, 1, 8850, 1645512300, NULL),
(313, 31, 14, 1, 1645512302, NULL),
(314, 29, 3, 1, 1645512302, NULL),
(315, 23, 9, 0, 1645512307, NULL),
(316, 46, 9, 0, 1645512320, NULL),
(317, 28, 3, 1, 1645512335, NULL),
(318, 23, 10, 0, 1645512337, NULL),
(319, 27, 1, 11900, 1645512349, NULL),
(320, 46, 10, 1, 1645512366, NULL),
(321, 26, 18, 14, 1645512366, 5306),
(322, 18, 16, 0, 1645512381, 1645510980),
(323, 18, 17, 0, 1645512381, 1645510980),
(324, 28, 4, 0, 1645512388, NULL),
(325, 23, 11, 0, 1645512404, NULL),
(326, 18, 3, 1, 1645512411, NULL),
(327, 28, 5, 1, 1645512418, NULL),
(328, 33, 13, 1, 1645512422, NULL),
(329, 29, 4, 1, 1645512428, NULL),
(330, 18, 4, 1, 1645512438, NULL),
(331, 23, 12, 0, 1645512439, NULL),
(332, 14, 18, 14, 1645512442, 836),
(333, 46, 11, 0, 1645512445, NULL),
(334, 27, 1, 17300, 1645512451, NULL),
(335, 45, 4, 1, 1645512456, NULL),
(336, 29, 5, 1, 1645512457, NULL),
(337, 28, 6, 1, 1645512463, NULL),
(338, 23, 13, 1, 1645512469, NULL),
(339, 46, 12, 0, 1645512484, NULL),
(340, 25, 18, 14, 1645512492, 1032),
(341, 29, 6, 1, 1645512492, NULL),
(342, 45, 5, 0, 1645512495, NULL),
(343, 33, 14, 1, 1645512496, NULL),
(344, 2, 16, 1, 1645512496, 1645512280),
(345, 23, 14, 1, 1645512497, NULL),
(346, 2, 17, 1, 1645512496, 1645512280),
(347, 28, 7, 1, 1645512499, NULL),
(348, 18, 5, 1, 1645512499, NULL),
(349, 29, 7, 1, 1645512527, NULL),
(350, 45, 6, 1, 1645512533, NULL),
(351, 46, 13, 1, 1645512534, NULL),
(352, 18, 6, 1, 1645512537, NULL),
(353, 35, 18, 13, 1645512543, 593),
(354, 29, 8, 0, 1645512553, NULL),
(355, 30, 8, 1, 1645512554, NULL),
(356, 27, 1, 17250, 1645512555, NULL),
(357, 28, 8, 1, 1645512559, NULL),
(358, 18, 7, 1, 1645512561, NULL),
(359, 47, 1, 10950, 1645512574, NULL),
(360, 29, 9, 0, 1645512585, NULL),
(361, 46, 14, 0, 1645512589, NULL),
(362, 18, 8, 1, 1645512590, NULL),
(363, 30, 9, 0, 1645512592, NULL),
(364, 29, 10, 0, 1645512609, NULL),
(365, 45, 7, 1, 1645512620, NULL),
(366, 18, 9, 0, 1645512635, NULL),
(367, 29, 11, 0, 1645512639, NULL),
(368, 30, 10, 0, 1645512642, NULL),
(369, 2, 1, 15450, 1645512651, NULL),
(370, 23, 1, 13150, 1645512653, NULL),
(371, 27, 1, 14700, 1645512657, NULL),
(372, 45, 8, 0, 1645512664, NULL),
(373, 18, 10, 1, 1645512668, NULL),
(374, 35, 1, 13150, 1645512669, NULL),
(375, 29, 12, 1, 1645512677, NULL),
(376, 25, 1, 11000, 1645512679, NULL),
(377, 29, 13, 0, 1645512704, NULL),
(378, 29, 14, 1, 1645512729, NULL),
(379, 28, 9, 0, 1645512730, NULL),
(380, 18, 11, 1, 1645512731, NULL),
(381, 45, 9, 1, 1645512754, NULL),
(382, 2, 1, 17550, 1645512757, NULL),
(383, 23, 1, 12450, 1645512758, NULL),
(384, 18, 12, 1, 1645512766, NULL),
(385, 28, 10, 1, 1645512767, NULL),
(386, 25, 1, 16600, 1645512785, NULL),
(387, 18, 13, 0, 1645512798, NULL),
(388, 18, 14, 1, 1645512827, NULL),
(389, 28, 11, 0, 1645512839, NULL),
(390, 2, 1, 15350, 1645512859, NULL),
(391, 48, 3, 1, 1645512870, NULL),
(392, 45, 10, 1, 1645512908, NULL),
(393, 48, 4, 1, 1645512917, NULL),
(394, 48, 5, 0, 1645512941, NULL),
(395, 46, 16, 0, 1645512955, 1645512654),
(396, 46, 17, 0, 1645512955, 1645512654),
(397, 18, 1, 11500, 1645512977, NULL),
(398, 48, 6, 1, 1645512981, NULL),
(399, 45, 11, 0, 1645512982, NULL),
(400, 45, 12, 0, 1645513021, NULL),
(401, 30, 11, 1, 1645513029, NULL),
(402, 39, 18, 12, 1645513032, 661),
(403, 2, 1, 16000, 1645513044, NULL),
(404, 49, 1, 6050, 1645513056, NULL),
(405, 42, 18, 12, 1645513067, 2015),
(406, 30, 12, 0, 1645513085, NULL),
(407, 25, 1, 14450, 1645513090, NULL),
(408, 46, 16, 0, 1645513097, 1645512956),
(409, 46, 17, 1, 1645513097, 1645512956),
(410, 28, 12, 1, 1645513108, NULL),
(411, 45, 13, 1, 1645513109, NULL),
(412, 30, 13, 0, 1645513119, NULL),
(413, 28, 13, 0, 1645513143, NULL),
(414, 30, 14, 1, 1645513150, NULL),
(415, 2, 1, 15400, 1645513151, NULL),
(416, 46, 16, 0, 1645513152, 1645513099),
(417, 46, 17, 0, 1645513152, 1645513099),
(418, 45, 14, 0, 1645513159, NULL),
(419, 28, 14, 1, 1645513209, NULL),
(420, 11, 3, 1, 1645513244, NULL),
(421, 39, 3, 1, 1645513252, NULL),
(422, 2, 1, 12650, 1645513261, NULL),
(423, 11, 4, 0, 1645513296, NULL),
(424, 45, 1, 12050, 1645513309, NULL),
(425, 6, 16, 1, 1645513357, 1645511618),
(426, 6, 17, 1, 1645513357, 1645511618),
(427, 2, 1, 13850, 1645513378, NULL),
(428, 11, 5, 1, 1645513380, NULL),
(429, 25, 1, 11100, 1645513394, NULL),
(430, 22, 16, 1, 1645513414, 1645511248),
(431, 22, 17, 1, 1645513414, 1645511248),
(432, 39, 4, 0, 1645513418, NULL),
(433, 11, 6, 1, 1645513423, NULL),
(434, 11, 7, 1, 1645513460, NULL),
(435, 39, 5, 1, 1645513477, NULL),
(436, 2, 1, 18200, 1645513493, NULL),
(437, 25, 1, 16250, 1645513499, NULL),
(438, 11, 8, 1, 1645513502, NULL),
(439, 39, 6, 1, 1645513510, NULL),
(440, 50, 3, 0, 1645513529, NULL),
(441, 39, 7, 1, 1645513541, NULL),
(442, 11, 9, 0, 1645513546, NULL),
(443, 11, 10, 0, 1645513575, NULL),
(444, 18, 1, 11800, 1645513580, NULL),
(445, 50, 4, 0, 1645513582, NULL),
(446, 39, 8, 0, 1645513583, NULL),
(447, 21, 3, 1, 1645513584, NULL),
(448, 39, 9, 0, 1645513602, NULL),
(449, 50, 5, 1, 1645513614, NULL),
(450, 24, 4, 1, 1645513627, NULL),
(451, 21, 4, 1, 1645513630, NULL),
(452, 39, 10, 1, 1645513630, NULL),
(453, 2, 1, 15600, 1645513642, NULL),
(454, 24, 5, 1, 1645513650, NULL),
(455, 50, 6, 0, 1645513656, NULL),
(456, 46, 18, 12, 1645513660, 466),
(457, 39, 11, 1, 1645513662, NULL),
(458, 21, 5, 1, 1645513677, NULL),
(459, 24, 6, 1, 1645513681, NULL),
(460, 39, 12, 0, 1645513682, NULL),
(461, 11, 11, 1, 1645513697, NULL),
(462, 24, 7, 1, 1645513700, NULL),
(463, 32, 1, 7900, 1645513701, NULL),
(464, 50, 7, 0, 1645513705, NULL),
(465, 25, 1, 17400, 1645513708, NULL),
(466, 21, 6, 1, 1645513715, NULL),
(467, 39, 13, 1, 1645513718, NULL),
(468, 24, 8, 1, 1645513722, NULL),
(469, 24, 9, 1, 1645513737, NULL),
(470, 39, 14, 1, 1645513747, NULL),
(471, 21, 7, 1, 1645513753, NULL),
(472, 50, 8, 1, 1645513755, NULL),
(473, 11, 12, 1, 1645513760, NULL),
(474, 45, 18, 12, 1645513761, 700),
(475, 28, 16, 0, 1645513761, 1645513313),
(476, 28, 17, 0, 1645513761, 1645513313),
(477, 13, 16, 0, 1645513768, 1645513128),
(478, 13, 17, 0, 1645513768, 1645513128),
(479, 21, 8, 1, 1645513784, NULL),
(480, 46, 1, 4050, 1645513787, NULL),
(481, 11, 13, 1, 1645513798, NULL),
(482, 25, 1, 14150, 1645513815, NULL),
(483, 50, 9, 1, 1645513815, NULL),
(484, 21, 9, 0, 1645513827, NULL),
(485, 28, 16, 0, 1645513840, 1645513762),
(486, 28, 17, 0, 1645513840, 1645513762),
(487, 21, 10, 0, 1645513868, NULL),
(488, 21, 11, 0, 1645513908, NULL),
(489, 25, 1, 15300, 1645513916, NULL),
(490, 32, 1, 8100, 1645513938, NULL),
(491, 9, 16, 1, 1645513941, 1645510690),
(492, 9, 17, 0, 1645513941, 1645510690),
(493, 21, 12, 0, 1645513943, NULL),
(494, 52, 1, 11650, 1645513956, NULL),
(495, 3, 1, 15650, 1645513958, NULL),
(496, 21, 13, 0, 1645513972, NULL),
(497, 2, 1, 17500, 1645513979, NULL),
(498, 21, 14, 1, 1645513997, NULL),
(499, 9, 16, 0, 1645514021, 1645513942),
(500, 9, 17, 0, 1645514021, 1645513942),
(501, 25, 1, 17050, 1645514022, NULL),
(502, 32, 1, 6400, 1645514043, NULL),
(503, 3, 1, 13700, 1645514060, NULL),
(504, 50, 10, 1, 1645514080, NULL),
(505, 2, 1, 17650, 1645514081, NULL),
(506, 32, 1, 10100, 1645514153, NULL),
(507, 3, 1, 16000, 1645514163, NULL),
(508, 50, 11, 0, 1645514178, NULL),
(509, 2, 1, 17650, 1645514181, NULL),
(510, 29, 1, 173900, 1645514190, NULL),
(511, 9, 16, 0, 1645514210, 1645514022),
(512, 9, 17, 0, 1645514210, 1645514022),
(513, 50, 12, 1, 1645514232, NULL),
(514, 25, 1, 14600, 1645514240, NULL),
(515, 13, 16, 1, 1645514250, 1645513768),
(516, 13, 17, 1, 1645514250, 1645513768),
(517, 53, 16, 0, 1645514269, 1645514198),
(518, 53, 17, 0, 1645514269, 1645514198),
(519, 32, 1, 8150, 1645514279, NULL),
(520, 50, 13, 1, 1645514284, NULL),
(521, 50, 14, 0, 1645514316, NULL),
(522, 9, 18, 14, 1645514350, 3524),
(523, 53, 16, 0, 1645514384, 1645514269),
(524, 53, 17, 0, 1645514384, 1645514269),
(525, 49, 18, 13, 1645514386, 1304),
(526, 32, 1, 7550, 1645514390, NULL),
(527, 53, 16, 0, 1645514431, 1645514384),
(528, 53, 17, 0, 1645514431, 1645514384),
(529, 9, 1, 11150, 1645514460, NULL),
(530, 2, 1, 17300, 1645514511, NULL),
(531, 13, 3, 1, 1645514547, NULL),
(532, 52, 18, 12, 1645514571, 534),
(533, 45, 16, 0, 1645514580, 1645513976),
(534, 45, 17, 1, 1645514580, 1645513976),
(535, 49, 3, 1, 1645514605, NULL),
(536, 25, 1, 16050, 1645514626, NULL),
(537, 49, 4, 0, 1645514656, NULL),
(538, 2, 1, 17150, 1645514684, NULL),
(539, 49, 5, 1, 1645514691, NULL),
(540, 25, 1, 16600, 1645514727, NULL),
(541, 49, 6, 1, 1645514743, NULL),
(542, 49, 7, 1, 1645514780, NULL),
(543, 28, 16, 0, 1645514805, 1645513841),
(544, 28, 17, 0, 1645514805, 1645513841),
(545, 49, 8, 1, 1645514824, NULL),
(546, 2, 1, 17200, 1645514842, NULL),
(547, 41, 16, 1, 1645514848, 1645514768),
(548, 41, 17, 1, 1645514848, 1645514768),
(549, 13, 4, 1, 1645514856, NULL),
(550, 49, 9, 0, 1645514872, NULL),
(551, 11, 14, 0, 1645514886, NULL),
(552, 3, 1, 15200, 1645514907, NULL),
(553, 49, 10, 0, 1645514910, NULL),
(554, 29, 1, 127000, 1645514918, NULL),
(555, 26, 3, 1, 1645514936, NULL),
(556, 2, 1, 17500, 1645514944, NULL),
(557, 49, 11, 1, 1645514981, NULL),
(558, 26, 4, 0, 1645514990, NULL),
(559, 49, 12, 0, 1645515024, NULL),
(560, 41, 1, 13050, 1645515030, NULL),
(561, 25, 1, 18050, 1645515048, NULL),
(562, 49, 13, 1, 1645515061, NULL),
(563, 20, 3, 1, 1645515075, NULL),
(564, 54, 3, 1, 1645515084, NULL),
(565, 49, 14, 1, 1645515099, NULL),
(566, 45, 16, 0, 1645515112, 1645514582),
(567, 45, 17, 0, 1645515112, 1645514582),
(568, 13, 5, 1, 1645515121, NULL),
(569, 54, 4, 1, 1645515128, NULL),
(570, 2, 1, 19500, 1645515137, NULL),
(571, 25, 1, 19650, 1645515153, NULL),
(572, 54, 5, 0, 1645515155, NULL),
(573, 26, 5, 0, 1645515167, NULL),
(574, 3, 1, 16300, 1645515172, NULL),
(575, 54, 6, 1, 1645515188, NULL),
(576, 45, 16, 0, 1645515189, 1645515114),
(577, 45, 17, 0, 1645515189, 1645515114),
(578, 26, 6, 0, 1645515201, NULL),
(579, 55, 3, 1, 1645515212, NULL),
(580, 54, 7, 1, 1645515219, NULL),
(581, 26, 7, 1, 1645515232, NULL),
(582, 54, 8, 1, 1645515249, NULL),
(583, 25, 1, 15950, 1645515256, NULL),
(584, 26, 8, 1, 1645515266, NULL),
(585, 54, 9, 0, 1645515295, NULL),
(586, 26, 9, 1, 1645515301, NULL),
(587, 3, 1, 17100, 1645515301, NULL),
(588, 13, 6, 1, 1645515320, NULL),
(589, 54, 10, 1, 1645515322, NULL),
(590, 26, 10, 1, 1645515330, NULL),
(591, 2, 1, 17150, 1645515362, NULL),
(592, 54, 11, 1, 1645515364, NULL),
(593, 54, 12, 0, 1645515387, NULL),
(594, 26, 11, 1, 1645515399, NULL),
(595, 54, 13, 0, 1645515411, NULL),
(596, 26, 12, 0, 1645515423, NULL),
(597, 13, 7, 1, 1645515457, NULL),
(598, 26, 13, 0, 1645515460, NULL),
(599, 2, 1, 18350, 1645515467, NULL),
(600, 20, 4, 0, 1645515485, NULL),
(601, 26, 14, 0, 1645515488, NULL),
(602, 13, 8, 1, 1645515497, NULL),
(603, 3, 1, 17550, 1645515504, NULL),
(604, 20, 5, 1, 1645515527, NULL),
(605, 51, 1, 13600, 1645515551, NULL),
(606, 25, 1, 12950, 1645515560, NULL),
(607, 20, 6, 1, 1645515568, NULL),
(608, 2, 1, 16400, 1645515582, NULL),
(609, 20, 7, 1, 1645515600, NULL),
(610, 3, 1, 15300, 1645515607, NULL),
(611, 20, 8, 0, 1645515636, NULL),
(612, 20, 9, 1, 1645515664, NULL),
(613, 21, 18, 14, 1645515665, 606),
(614, 25, 1, 15550, 1645515666, NULL),
(615, 2, 1, 18650, 1645515686, NULL),
(616, 20, 10, 0, 1645515695, NULL),
(617, 20, 11, 1, 1645515724, NULL),
(618, 13, 9, 0, 1645515726, NULL),
(619, 20, 12, 0, 1645515760, NULL),
(620, 13, 10, 1, 1645515760, NULL),
(621, 3, 1, 16400, 1645515772, NULL),
(622, 20, 13, 0, 1645515790, NULL),
(623, 2, 1, 19250, 1645515794, NULL),
(624, 20, 14, 1, 1645515814, NULL),
(625, 41, 3, 1, 1645515854, NULL),
(626, 41, 4, 1, 1645515865, NULL),
(627, 41, 5, 1, 1645515873, NULL),
(628, 41, 6, 1, 1645515882, NULL),
(629, 41, 7, 1, 1645515886, NULL),
(630, 41, 8, 1, 1645515894, NULL),
(631, 41, 9, 1, 1645515899, NULL),
(632, 41, 10, 1, 1645515906, NULL),
(633, 41, 11, 1, 1645515911, NULL),
(634, 41, 12, 1, 1645515917, NULL),
(635, 41, 13, 1, 1645515925, NULL),
(636, 41, 14, 1, 1645515933, NULL),
(637, 45, 1, 10100, 1645515959, NULL),
(638, 25, 1, 16500, 1645515975, NULL),
(639, 13, 11, 1, 1645516028, NULL),
(640, 45, 1, 9650, 1645516064, NULL),
(641, 2, 1, 17250, 1645516117, NULL),
(642, 51, 1, 14350, 1645516126, NULL),
(643, 22, 18, 13, 1645516134, 1931),
(644, 13, 12, 1, 1645516197, NULL),
(645, 52, 3, 1, 1645516214, NULL),
(646, 2, 1, 16100, 1645516228, NULL),
(647, 13, 13, 1, 1645516243, NULL),
(648, 52, 4, 1, 1645516258, NULL),
(649, 22, 1, 7050, 1645516261, NULL),
(650, 52, 5, 1, 1645516293, NULL),
(651, 13, 14, 1, 1645516303, NULL),
(652, 52, 6, 1, 1645516325, NULL),
(653, 52, 7, 1, 1645516348, NULL),
(654, 22, 1, 8300, 1645516364, NULL),
(655, 52, 8, 1, 1645516370, NULL),
(656, 2, 1, 18200, 1645516375, NULL),
(657, 52, 9, 1, 1645516392, NULL),
(658, 52, 10, 1, 1645516419, NULL),
(659, 25, 1, 17450, 1645516435, NULL),
(660, 52, 11, 1, 1645516452, NULL),
(661, 22, 1, 6800, 1645516469, NULL),
(662, 52, 12, 1, 1645516478, NULL),
(663, 2, 1, 19500, 1645516479, NULL),
(664, 52, 13, 0, 1645516510, NULL),
(665, 52, 14, 1, 1645516537, NULL),
(666, 25, 1, 16300, 1645516540, NULL),
(667, 22, 1, 9400, 1645516572, NULL),
(668, 55, 4, 1, 1645516576, NULL),
(669, 55, 5, 1, 1645516601, NULL),
(670, 49, 16, 1, 1645516610, 1645515122),
(671, 49, 17, 1, 1645516610, 1645515122),
(672, 55, 6, 1, 1645516633, NULL),
(673, 22, 1, 9550, 1645516679, NULL),
(674, 2, 1, 17950, 1645516724, NULL),
(675, 55, 7, 1, 1645516926, NULL),
(676, 51, 18, 14, 1645516945, 796),
(677, 55, 8, 0, 1645516973, NULL),
(678, 13, 18, 14, 1645517033, 18),
(679, 55, 9, 0, 1645517035, NULL),
(680, 2, 1, 17750, 1645517083, NULL),
(681, 55, 10, 0, 1645517113, NULL),
(682, 55, 11, 0, 1645517195, NULL),
(683, 58, 1, 12800, 1645517195, NULL),
(684, 59, 1, 9150, 1645517211, NULL),
(685, 51, 3, 1, 1645517224, NULL),
(686, 51, 4, 1, 1645517269, NULL),
(687, 18, 1, 11900, 1645517270, NULL),
(688, 51, 5, 1, 1645517305, NULL),
(689, 51, 6, 1, 1645517340, NULL),
(690, 51, 7, 1, 1645517359, NULL),
(691, 2, 1, 17700, 1645517381, NULL),
(692, 51, 8, 1, 1645517393, NULL),
(693, 58, 18, 11, 1645517418, 238),
(694, 51, 9, 1, 1645517437, NULL),
(695, 58, 16, 0, 1645517452, 1645517432),
(696, 58, 17, 0, 1645517452, 1645517432),
(697, 51, 10, 1, 1645517463, NULL),
(698, 2, 1, 15900, 1645517481, NULL),
(699, 58, 3, 1, 1645517493, NULL),
(700, 51, 11, 1, 1645517503, NULL),
(701, 58, 4, 1, 1645517514, NULL),
(702, 51, 12, 1, 1645517539, NULL),
(703, 58, 5, 0, 1645517539, NULL),
(704, 59, 18, 9, 1645517540, 141),
(705, 58, 6, 0, 1645517577, NULL),
(706, 51, 13, 1, 1645517583, NULL),
(707, 51, 14, 1, 1645517608, NULL),
(708, 58, 7, 1, 1645517610, NULL),
(709, 13, 1, 15600, 1645517619, NULL),
(710, 58, 8, 1, 1645517641, NULL),
(711, 24, 18, 9, 1645517648, 313),
(712, 58, 9, 0, 1645517667, NULL),
(713, 2, 1, 20050, 1645517683, NULL),
(714, 58, 10, 0, 1645517691, NULL),
(715, 58, 11, 0, 1645517728, NULL),
(716, 60, 18, 14, 1645517737, 566),
(717, 58, 12, 0, 1645517755, NULL),
(718, 59, 3, 1, 1645517759, NULL),
(719, 58, 13, 0, 1645517781, NULL),
(720, 58, 14, 1, 1645517808, NULL),
(721, 59, 4, 1, 1645517820, NULL),
(722, 59, 5, 0, 1645517856, NULL),
(723, 10, 1, 8750, 1645517885, NULL),
(724, 59, 6, 1, 1645517893, NULL),
(725, 59, 7, 1, 1645517931, NULL),
(726, 2, 1, 22000, 1645517933, NULL),
(727, 58, 1, 13100, 1645517936, NULL),
(728, 59, 8, 0, 1645517978, NULL),
(729, 59, 9, 0, 1645518042, NULL),
(730, 59, 10, 1, 1645518084, NULL),
(731, 59, 11, 1, 1645518164, NULL),
(732, 2, 1, 16200, 1645518173, NULL),
(733, 10, 1, 11650, 1645518202, NULL),
(734, 55, 12, 0, 1645518226, NULL),
(735, 59, 12, 0, 1645518270, NULL),
(736, 2, 1, 19600, 1645518274, NULL),
(737, 10, 1, 12150, 1645518306, NULL),
(738, 55, 13, 1, 1645518346, NULL),
(739, 59, 13, 1, 1645518393, NULL),
(740, 10, 1, 13750, 1645518408, NULL),
(741, 59, 14, 1, 1645518455, NULL),
(742, 2, 1, 17450, 1645518686, NULL),
(743, 60, 16, 1, 1645518697, 1645517761),
(744, 60, 17, 1, 1645518697, 1645517761),
(745, 13, 1, 20000, 1645518719, NULL),
(746, 60, 3, 1, 1645518743, NULL),
(747, 3, 1, 17350, 1645518752, NULL),
(748, 60, 4, 1, 1645518797, NULL),
(749, 60, 5, 1, 1645518827, NULL),
(750, 2, 1, 18700, 1645518830, NULL),
(751, 60, 6, 1, 1645518863, NULL),
(752, 60, 7, 1, 1645518943, NULL),
(753, 2, 1, 20600, 1645518943, NULL),
(754, 60, 8, 1, 1645518974, NULL),
(755, 60, 9, 0, 1645519022, NULL),
(756, 60, 10, 1, 1645519056, NULL),
(757, 18, 16, 1, 1645519087, 1645517337),
(758, 18, 17, 1, 1645519087, 1645517337),
(759, 60, 11, 1, 1645519125, NULL),
(760, 60, 12, 1, 1645519163, NULL),
(761, 60, 13, 0, 1645519195, NULL),
(762, 55, 14, 1, 1645519197, NULL),
(763, 60, 14, 1, 1645519237, NULL),
(764, 2, 1, 17650, 1645519289, NULL),
(765, 3, 1, 13100, 1645519353, NULL),
(766, 60, 1, 14600, 1645519384, NULL),
(767, 39, 1, 9000, 1645519420, NULL),
(768, 55, 1, 8500, 1645519431, NULL),
(769, 2, 1, 20000, 1645519447, NULL),
(770, 3, 1, 15350, 1645519519, NULL),
(771, 39, 1, 6400, 1645519525, NULL),
(772, 55, 1, 11050, 1645519538, NULL),
(773, 2, 1, 18150, 1645519564, NULL),
(774, 3, 1, 16200, 1645519625, NULL),
(775, 55, 18, 9, 1645519680, 118),
(776, 2, 1, 20500, 1645519706, NULL),
(777, 18, 1, 13950, 1645519730, NULL),
(778, 3, 1, 14300, 1645519740, NULL),
(779, 2, 1, 16450, 1645519807, NULL),
(780, 18, 1, 16000, 1645519833, NULL),
(781, 2, 1, 17700, 1645519909, NULL),
(782, 55, 16, 0, 1645520029, 1645519688),
(783, 55, 17, 0, 1645520029, 1645519688),
(784, 55, 16, 0, 1645520030, 1645519688),
(785, 55, 17, 0, 1645520030, 1645519688),
(786, 3, 1, 14450, 1645520042, NULL),
(787, 2, 1, 17250, 1645520062, NULL),
(788, 55, 16, 0, 1645520109, 1645520030),
(789, 55, 17, 0, 1645520109, 1645520030),
(790, 3, 1, 14600, 1645520145, NULL),
(791, 2, 1, 18250, 1645520169, NULL),
(792, 59, 16, 1, 1645520245, 1645518533),
(793, 59, 17, 1, 1645520245, 1645518533),
(794, 2, 1, 17350, 1645520270, NULL),
(795, 59, 1, 6400, 1645520380, NULL),
(796, 3, 1, 12100, 1645520397, NULL),
(797, 2, 1, 21500, 1645520474, NULL),
(798, 51, 16, 0, 1645520550, 1645519965),
(799, 51, 17, 0, 1645520550, 1645519965),
(800, 3, 1, 14250, 1645520605, NULL),
(801, 2, 1, 18450, 1645520679, NULL),
(802, 51, 16, 0, 1645520739, 1645520550),
(803, 51, 17, 1, 1645520739, 1645520550),
(804, 2, 1, 17350, 1645520793, NULL),
(805, 51, 16, 1, 1645520973, 1645520739),
(806, 51, 17, 0, 1645520973, 1645520739),
(807, 2, 1, 16750, 1645520989, NULL),
(808, 2, 1, 20200, 1645521111, NULL),
(809, 2, 1, 19800, 1645521214, NULL),
(810, 51, 1, 15400, 1645521300, NULL),
(811, 2, 1, 18900, 1645521323, NULL),
(812, 51, 1, 14850, 1645521402, NULL),
(813, 2, 1, 16700, 1645521428, NULL),
(814, 37, 3, 0, 1645521481, NULL),
(815, 37, 4, 0, 1645521501, NULL),
(816, 37, 5, 0, 1645521520, NULL),
(817, 2, 1, 19050, 1645521538, NULL),
(818, 37, 6, 1, 1645521539, NULL),
(819, 37, 7, 1, 1645521560, NULL),
(820, 37, 8, 0, 1645521578, NULL),
(821, 37, 9, 0, 1645521607, NULL),
(822, 37, 10, 1, 1645521630, NULL),
(823, 2, 1, 18350, 1645521640, NULL),
(824, 2, 1, 17850, 1645521757, NULL),
(825, 51, 1, 12300, 1645521920, NULL),
(826, 56, 16, 0, 1645521953, 1645515944),
(827, 56, 17, 0, 1645521953, 1645515944),
(828, 56, 16, 0, 1645521959, 1645521954),
(829, 56, 17, 0, 1645521959, 1645521954),
(830, 56, 16, 0, 1645521960, 1645521960),
(831, 56, 17, 0, 1645521960, 1645521960),
(832, 2, 1, 20950, 1645521994, NULL),
(833, 51, 1, 14350, 1645522021, NULL),
(834, 51, 1, 16800, 1645522123, NULL),
(835, 2, 1, 18600, 1645522123, NULL),
(836, 2, 1, 21300, 1645522352, NULL),
(837, 56, 18, 14, 1645522373, 1197),
(838, 62, 18, 14, 1645522480, 27),
(839, 56, 1, 900, 1645522491, NULL),
(840, 62, 3, 1, 1645522506, NULL),
(841, 62, 4, 1, 1645522511, NULL),
(842, 62, 5, 1, 1645522518, NULL),
(843, 62, 6, 1, 1645522523, NULL),
(844, 62, 7, 1, 1645522528, NULL),
(845, 62, 8, 1, 1645522535, NULL),
(846, 62, 9, 1, 1645522542, NULL),
(847, 62, 10, 1, 1645522548, NULL),
(848, 62, 11, 1, 1645522555, NULL),
(849, 62, 12, 1, 1645522562, NULL),
(850, 62, 13, 1, 1645522567, NULL),
(851, 62, 14, 1, 1645522574, NULL),
(852, 56, 1, 4100, 1645522596, NULL),
(853, 56, 3, 1, 1645522680, NULL),
(854, 2, 1, 18600, 1645522717, NULL),
(855, 56, 4, 1, 1645522723, NULL),
(856, 56, 5, 1, 1645522758, NULL),
(857, 62, 16, 0, 1645522786, 1645522724),
(858, 62, 17, 1, 1645522786, 1645522724),
(859, 56, 6, 1, 1645522794, NULL),
(860, 56, 7, 1, 1645522821, NULL),
(861, 56, 8, 1, 1645522854, NULL),
(862, 56, 9, 1, 1645522903, NULL),
(863, 2, 1, 21450, 1645522930, NULL),
(864, 56, 10, 1, 1645522930, NULL),
(865, 25, 1, 17500, 1645522971, NULL),
(866, 56, 11, 1, 1645522977, NULL),
(867, 56, 12, 1, 1645523018, NULL),
(868, 2, 1, 19500, 1645523053, NULL),
(869, 56, 13, 1, 1645523063, NULL),
(870, 56, 14, 1, 1645523095, NULL),
(871, 63, 3, 1, 1645523112, NULL),
(872, 63, 4, 1, 1645523157, NULL),
(873, 2, 1, 21450, 1645523179, NULL),
(874, 63, 5, 0, 1645523192, NULL),
(875, 64, 3, 1, 1645523231, NULL),
(876, 63, 6, 1, 1645523235, NULL),
(877, 63, 7, 1, 1645523271, NULL),
(878, 64, 4, 1, 1645523274, NULL),
(879, 2, 1, 17050, 1645523306, NULL),
(880, 64, 5, 0, 1645523312, NULL),
(881, 64, 6, 1, 1645523344, NULL),
(882, 63, 8, 0, 1645523350, NULL),
(883, 63, 9, 0, 1645523375, NULL),
(884, 64, 7, 1, 1645523390, NULL),
(885, 63, 10, 1, 1645523406, NULL),
(886, 65, 1, 8750, 1645523422, NULL),
(887, 64, 8, 1, 1645523440, NULL),
(888, 2, 1, 17900, 1645523455, NULL),
(889, 63, 11, 1, 1645523458, NULL),
(890, 64, 9, 0, 1645523483, NULL),
(891, 63, 12, 0, 1645523490, NULL),
(892, 64, 10, 0, 1645523514, NULL),
(893, 63, 13, 1, 1645523529, NULL),
(894, 63, 14, 1, 1645523574, NULL),
(895, 64, 11, 0, 1645523579, NULL),
(896, 2, 1, 17850, 1645523600, NULL),
(897, 45, 1, 8650, 1645523623, NULL),
(898, 64, 12, 0, 1645523626, NULL),
(899, 65, 3, 1, 1645523629, NULL),
(900, 64, 13, 1, 1645523645, NULL),
(901, 65, 4, 1, 1645523651, NULL),
(902, 65, 5, 0, 1645523679, NULL),
(903, 64, 14, 1, 1645523691, NULL),
(904, 65, 6, 1, 1645523711, NULL),
(905, 45, 1, 12700, 1645523726, NULL),
(906, 65, 7, 1, 1645523748, NULL),
(907, 2, 1, 17300, 1645523782, NULL),
(908, 65, 8, 0, 1645523792, NULL),
(909, 64, 1, 6950, 1645523840, NULL),
(910, 65, 9, 0, 1645523840, NULL),
(911, 25, 1, 15450, 1645523843, NULL),
(912, 65, 10, 1, 1645523869, NULL),
(913, 64, 1, 11800, 1645523943, NULL),
(914, 65, 11, 0, 1645523947, NULL),
(915, 51, 1, 15100, 1645523974, NULL),
(916, 65, 12, 0, 1645523985, NULL),
(917, 65, 13, 0, 1645524025, NULL),
(918, 65, 14, 0, 1645524060, NULL),
(919, 66, 3, 1, 1645524079, NULL),
(920, 2, 1, 21000, 1645524109, NULL),
(921, 66, 4, 1, 1645524135, NULL),
(922, 25, 1, 19400, 1645524155, NULL),
(923, 66, 5, 1, 1645524201, NULL),
(924, 66, 6, 0, 1645524244, NULL),
(925, 66, 7, 1, 1645524265, NULL),
(926, 2, 1, 21000, 1645524280, NULL),
(927, 66, 8, 0, 1645524305, NULL),
(928, 66, 9, 1, 1645524351, NULL),
(929, 25, 1, 15900, 1645524367, NULL),
(930, 2, 1, 16900, 1645524383, NULL),
(931, 66, 10, 1, 1645524392, NULL),
(932, 66, 11, 1, 1645524460, NULL),
(933, 66, 12, 0, 1645524497, NULL),
(934, 64, 18, 14, 1645524503, 540),
(935, 66, 13, 1, 1645524529, NULL),
(936, 66, 14, 1, 1645524565, NULL),
(937, 2, 1, 17150, 1645524589, NULL),
(938, 25, 1, 17550, 1645524618, NULL),
(939, 22, 1, 7600, 1645524706, NULL),
(940, 26, 1, 9650, 1645524710, NULL),
(941, 67, 1, 9350, 1645524712, NULL),
(942, 25, 1, 14850, 1645524730, NULL),
(943, 22, 1, 12150, 1645524809, NULL),
(944, 26, 1, 9100, 1645524815, NULL),
(945, 25, 1, 17200, 1645524867, NULL),
(946, 65, 16, 1, 1645524924, 1645524121),
(947, 65, 17, 1, 1645524924, 1645524121),
(948, 3, 1, 15200, 1645525027, NULL),
(949, 25, 1, 17100, 1645525071, NULL),
(950, 2, 1, 42750, 1645525087, NULL),
(951, 18, 1, 16000, 1645525105, NULL),
(952, 70, 1, 14500, 1645525161, NULL),
(953, 67, 18, 12, 1645525192, 501),
(954, 70, 3, 0, 1645525194, NULL),
(955, 18, 1, 14800, 1645525208, NULL),
(956, 70, 4, 1, 1645525243, NULL),
(957, 70, 5, 1, 1645525275, NULL),
(958, 72, 1, 10250, 1645525280, NULL),
(959, 3, 1, 12700, 1645525293, NULL),
(960, 70, 6, 1, 1645525309, NULL),
(961, 70, 7, 1, 1645525339, NULL),
(962, 70, 8, 1, 1645525367, NULL),
(963, 72, 1, 13400, 1645525385, NULL),
(964, 70, 9, 0, 1645525408, NULL),
(965, 70, 10, 1, 1645525420, NULL),
(966, 70, 11, 1, 1645525447, NULL),
(967, 25, 1, 18250, 1645525472, NULL),
(968, 54, 14, 1, 1645525482, NULL),
(969, 65, 18, 12, 1645525488, 468),
(970, 70, 12, 1, 1645525490, NULL),
(971, 73, 1, 14450, 1645525508, NULL),
(972, 70, 13, 1, 1645525523, NULL),
(973, 70, 14, 1, 1645525554, NULL),
(974, 67, 16, 1, 1645525564, 1645525208),
(975, 67, 17, 1, 1645525564, 1645525208),
(976, 25, 1, 18050, 1645525575, NULL),
(977, 2, 1, 32700, 1645525580, NULL),
(978, 72, 18, 14, 1645525620, 224),
(979, 54, 1, 6550, 1645525625, NULL),
(980, 67, 3, 0, 1645525664, NULL),
(981, 72, 3, 1, 1645525666, NULL),
(982, 72, 4, 1, 1645525691, NULL),
(983, 72, 5, 1, 1645525709, NULL),
(984, 67, 4, 0, 1645525715, NULL),
(985, 72, 6, 1, 1645525729, NULL),
(986, 73, 18, 12, 1645525736, 201),
(987, 67, 5, 0, 1645525747, NULL),
(988, 70, 18, 14, 1645525748, 2862),
(989, 72, 7, 1, 1645525755, NULL),
(990, 67, 6, 1, 1645525780, NULL),
(991, 72, 8, 1, 1645525780, NULL),
(992, 72, 9, 1, 1645525798, NULL),
(993, 18, 1, 14200, 1645525799, NULL),
(994, 72, 10, 0, 1645525813, NULL),
(995, 67, 7, 1, 1645525813, NULL),
(996, 72, 11, 1, 1645525825, NULL),
(997, 67, 8, 0, 1645525838, NULL),
(998, 54, 18, 12, 1645525839, 203),
(999, 72, 12, 1, 1645525840, NULL),
(1000, 65, 1, 9750, 1645525843, NULL),
(1001, 67, 9, 0, 1645525863, NULL),
(1002, 72, 13, 0, 1645525866, NULL),
(1003, 72, 14, 1, 1645525880, NULL),
(1004, 67, 10, 0, 1645525887, NULL),
(1005, 67, 11, 1, 1645525915, NULL),
(1006, 67, 12, 0, 1645525934, NULL),
(1007, 65, 1, 8900, 1645525949, NULL),
(1008, 3, 1, 18550, 1645525951, NULL),
(1009, 67, 13, 0, 1645525969, NULL),
(1010, 67, 14, 1, 1645525998, NULL),
(1011, 2, 1, 40500, 1645526040, NULL),
(1012, 65, 1, 9350, 1645526052, NULL),
(1013, 70, 16, 0, 1645526077, 1645525791),
(1014, 70, 17, 1, 1645526077, 1645525791),
(1015, 70, 16, 0, 1645526101, 1645526078),
(1016, 70, 17, 0, 1645526101, 1645526078),
(1017, 70, 16, 0, 1645526115, 1645526101),
(1018, 70, 17, 0, 1645526115, 1645526101),
(1019, 65, 1, 11350, 1645526155, NULL),
(1020, 70, 1, 12300, 1645526227, NULL),
(1021, 24, 16, 1, 1645526234, 1645526157),
(1022, 24, 17, 1, 1645526234, 1645526157),
(1023, 3, 1, 14800, 1645526277, NULL),
(1024, 39, 1, 7900, 1645526280, NULL),
(1025, 73, 16, 0, 1645526281, 1645525837),
(1026, 73, 17, 1, 1645526281, 1645525837),
(1027, 18, 1, 15700, 1645526334, NULL),
(1028, 3, 1, 17050, 1645526378, NULL),
(1029, 39, 1, 10550, 1645526382, NULL),
(1030, 73, 16, 0, 1645526409, 1645526281),
(1031, 73, 17, 0, 1645526409, 1645526281),
(1032, 74, 1, 9350, 1645526417, NULL),
(1033, 54, 16, 0, 1645526435, 1645525859),
(1034, 54, 17, 1, 1645526435, 1645525859),
(1035, 3, 1, 14500, 1645526480, NULL),
(1036, 2, 1, 46550, 1645526484, NULL),
(1037, 54, 16, 1, 1645526491, 1645526435),
(1038, 54, 17, 0, 1645526491, 1645526435),
(1039, 73, 16, 0, 1645526523, 1645526410),
(1040, 73, 17, 0, 1645526523, 1645526410),
(1041, 18, 1, 16650, 1645526536, NULL),
(1042, 73, 3, 1, 1645526548, NULL),
(1043, 73, 4, 1, 1645526559, NULL),
(1044, 73, 5, 1, 1645526591, NULL),
(1045, 75, 1, 9400, 1645526608, NULL),
(1046, 39, 1, 7800, 1645526609, NULL),
(1047, 73, 6, 1, 1645526634, NULL),
(1048, 73, 7, 1, 1645526663, NULL),
(1049, 73, 8, 1, 1645526671, NULL),
(1050, 73, 9, 1, 1645526694, NULL),
(1051, 39, 1, 10100, 1645526710, NULL),
(1052, 73, 10, 1, 1645526735, NULL),
(1053, 76, 3, 1, 1645526763, NULL),
(1054, 73, 11, 1, 1645526805, NULL),
(1055, 76, 4, 0, 1645526829, NULL),
(1056, 73, 12, 1, 1645526843, NULL),
(1057, 76, 5, 1, 1645526877, NULL),
(1058, 24, 1, 9100, 1645526882, NULL),
(1059, 73, 13, 1, 1645526884, NULL),
(1060, 76, 6, 1, 1645526900, NULL),
(1061, 73, 14, 0, 1645526912, NULL),
(1062, 56, 1, 3650, 1645526916, NULL),
(1063, 76, 7, 1, 1645526957, NULL),
(1064, 76, 8, 0, 1645527002, NULL),
(1065, 56, 1, 4350, 1645527019, NULL),
(1066, 76, 9, 0, 1645527061, NULL),
(1067, 76, 10, 1, 1645527106, NULL),
(1068, 25, 1, 14300, 1645527112, NULL),
(1069, 56, 1, 2700, 1645527123, NULL),
(1070, 18, 1, 16800, 1645527149, NULL),
(1071, 76, 11, 1, 1645527156, NULL),
(1072, 2, 1, 39650, 1645527165, NULL),
(1073, 76, 12, 1, 1645527196, NULL),
(1074, 25, 1, 17550, 1645527215, NULL),
(1075, 56, 1, 2350, 1645527227, NULL),
(1076, 76, 13, 0, 1645527249, NULL),
(1077, 76, 14, 1, 1645527288, NULL),
(1078, 3, 1, 20500, 1645527316, NULL),
(1079, 18, 1, 12400, 1645527331, NULL),
(1080, 72, 16, 0, 1645527380, 1645525894),
(1081, 72, 17, 0, 1645527380, 1645525894),
(1082, 2, 1, 39150, 1645527553, NULL),
(1083, 3, 1, 23100, 1645527557, NULL),
(1084, 18, 1, 12700, 1645527568, NULL),
(1085, 25, 1, 16550, 1645527584, NULL),
(1086, 72, 16, 1, 1645527676, 1645527380),
(1087, 72, 17, 1, 1645527676, 1645527380),
(1088, 32, 1, 3750, 1645527712, NULL),
(1089, 18, 1, 14950, 1645527823, NULL),
(1090, 60, 1, 11700, 1645527834, NULL),
(1091, 60, 1, 13850, 1645527937, NULL),
(1092, 18, 1, 13100, 1645528000, NULL),
(1093, 60, 1, 10150, 1645528040, NULL),
(1094, 78, 18, 14, 1645528053, 25),
(1095, 18, 1, 16000, 1645528103, NULL),
(1096, 24, 1, 10800, 1645528105, NULL),
(1097, 60, 1, 12450, 1645528164, NULL),
(1098, 26, 1, 12450, 1645528199, NULL),
(1099, 60, 1, 10850, 1645528272, NULL),
(1100, 17, 3, 1, 1645528290, NULL),
(1101, 26, 1, 11250, 1645528303, NULL),
(1102, 17, 4, 1, 1645528339, NULL),
(1103, 17, 5, 0, 1645528347, NULL),
(1104, 17, 6, 1, 1645528355, NULL),
(1105, 60, 1, 11600, 1645528376, NULL),
(1106, 17, 7, 1, 1645528376, NULL),
(1107, 17, 8, 0, 1645528411, NULL),
(1108, 17, 9, 0, 1645528432, NULL),
(1109, 81, 3, 1, 1645528887, NULL),
(1110, 45, 1, 12100, 1645528892, NULL),
(1111, 81, 4, 0, 1645528899, NULL),
(1112, 81, 5, 1, 1645528907, NULL),
(1113, 81, 6, 1, 1645528916, NULL),
(1114, 81, 7, 1, 1645528934, NULL),
(1115, 81, 8, 0, 1645528963, NULL),
(1116, 81, 9, 0, 1645529004, NULL),
(1117, 81, 10, 1, 1645529043, NULL),
(1118, 81, 11, 1, 1645529063, NULL),
(1119, 81, 12, 0, 1645529098, NULL),
(1120, 81, 13, 1, 1645529170, NULL),
(1121, 81, 14, 0, 1645529182, NULL),
(1122, 83, 3, 0, 1645529244, NULL),
(1123, 83, 4, 0, 1645529250, NULL),
(1124, 82, 3, 1, 1645529252, NULL),
(1125, 83, 5, 0, 1645529254, NULL),
(1126, 83, 6, 1, 1645529258, NULL),
(1127, 83, 7, 1, 1645529262, NULL),
(1128, 83, 8, 0, 1645529265, NULL),
(1129, 83, 9, 0, 1645529268, NULL),
(1130, 57, 3, 0, 1645529272, NULL),
(1131, 83, 10, 1, 1645529273, NULL),
(1132, 83, 11, 1, 1645529276, NULL),
(1133, 82, 4, 1, 1645529279, NULL),
(1134, 83, 12, 0, 1645529306, NULL),
(1135, 82, 5, 1, 1645529309, NULL),
(1136, 83, 13, 1, 1645529347, NULL),
(1137, 83, 14, 1, 1645529351, NULL),
(1138, 82, 6, 0, 1645529351, NULL),
(1139, 82, 7, 1, 1645529374, NULL),
(1140, 57, 4, 1, 1645529411, NULL),
(1141, 57, 5, 0, 1645529421, NULL),
(1142, 82, 8, 1, 1645529440, NULL),
(1143, 57, 6, 0, 1645529456, NULL),
(1144, 57, 7, 0, 1645529473, NULL),
(1145, 82, 9, 0, 1645529500, NULL),
(1146, 57, 8, 0, 1645529503, NULL),
(1147, 57, 9, 0, 1645529526, NULL),
(1148, 57, 10, 1, 1645529541, NULL),
(1149, 82, 10, 0, 1645529560, NULL),
(1150, 57, 11, 1, 1645529563, NULL),
(1151, 57, 12, 0, 1645529583, NULL),
(1152, 57, 13, 0, 1645529605, NULL),
(1153, 24, 1, 9800, 1645529633, NULL),
(1154, 57, 14, 0, 1645529637, NULL),
(1155, 82, 11, 1, 1645529643, NULL),
(1156, 82, 12, 1, 1645529698, NULL),
(1157, 82, 13, 1, 1645529742, NULL),
(1158, 24, 1, 7050, 1645529746, NULL),
(1159, 82, 14, 1, 1645529785, NULL),
(1160, 82, 16, 0, 1645530125, 1645529953),
(1161, 82, 17, 0, 1645530125, 1645529953),
(1162, 84, 1, 15300, 1645530141, NULL),
(1163, 82, 16, 0, 1645530181, 1645530126),
(1164, 82, 17, 0, 1645530181, 1645530126),
(1165, 82, 16, 0, 1645530200, 1645530181),
(1166, 82, 17, 0, 1645530200, 1645530181),
(1167, 84, 3, 1, 1645530449, NULL),
(1168, 82, 18, 12, 1645530461, 668),
(1169, 84, 4, 1, 1645530471, NULL),
(1170, 84, 5, 1, 1645530492, NULL),
(1171, 84, 6, 0, 1645530523, NULL),
(1172, 84, 7, 1, 1645530541, NULL),
(1173, 84, 8, 1, 1645530566, NULL),
(1174, 84, 9, 0, 1645530618, NULL),
(1175, 84, 10, 1, 1645530651, NULL),
(1176, 82, 1, 6250, 1645530682, NULL),
(1177, 6, 1, 10300, 1645530701, NULL),
(1178, 84, 11, 0, 1645530722, NULL),
(1179, 84, 12, 1, 1645530753, NULL),
(1180, 84, 13, 0, 1645530792, NULL),
(1181, 6, 1, 13650, 1645530813, NULL),
(1182, 84, 14, 0, 1645530826, NULL),
(1183, 6, 1, 7850, 1645530925, NULL),
(1184, 82, 1, 9600, 1645530931, NULL),
(1185, 32, 18, 13, 1645531033, 1340),
(1186, 6, 1, 11500, 1645531036, NULL),
(1187, 6, 1, 13950, 1645531162, NULL),
(1188, 24, 1, 10250, 1645531177, NULL),
(1189, 32, 3, 1, 1645531278, NULL),
(1190, 24, 1, 14400, 1645531278, NULL),
(1191, 32, 4, 1, 1645531328, NULL),
(1192, 24, 1, 10350, 1645531384, NULL),
(1193, 32, 5, 1, 1645531390, NULL),
(1194, 32, 6, 0, 1645531447, NULL),
(1195, 32, 7, 0, 1645531479, NULL),
(1196, 84, 18, 12, 1645531513, 951),
(1197, 32, 8, 0, 1645531574, NULL),
(1198, 32, 9, 0, 1645531633, NULL),
(1199, 32, 10, 0, 1645531666, NULL),
(1200, 32, 11, 0, 1645531739, NULL),
(1201, 32, 12, 1, 1645531782, NULL),
(1202, 32, 13, 0, 1645531823, NULL),
(1203, 32, 14, 1, 1645531865, NULL),
(1204, 84, 16, 0, 1645532672, 1645531538),
(1205, 84, 17, 1, 1645532672, 1645531538),
(1206, 84, 16, 0, 1645532802, 1645532672),
(1207, 84, 17, 0, 1645532802, 1645532672),
(1208, 84, 16, 0, 1645533110, 1645532813),
(1209, 84, 17, 0, 1645533110, 1645532813),
(1210, 84, 1, 12850, 1645533238, NULL),
(1211, 10, 1, 14850, 1645533285, NULL),
(1212, 84, 1, 14350, 1645533344, NULL),
(1213, 10, 1, 14150, 1645533387, NULL),
(1214, 84, 1, 14000, 1645533449, NULL),
(1215, 10, 1, 13900, 1645533488, NULL),
(1216, 84, 1, 10000, 1645533554, NULL),
(1217, 10, 1, 14550, 1645533589, NULL),
(1218, 84, 1, 13250, 1645533658, NULL),
(1219, 10, 1, 13050, 1645533690, NULL),
(1220, 84, 1, 12450, 1645533763, NULL),
(1221, 10, 1, 14900, 1645533810, NULL),
(1222, 84, 1, 9400, 1645533866, NULL),
(1223, 10, 1, 14000, 1645533920, NULL),
(1224, 84, 1, 11550, 1645533974, NULL),
(1225, 10, 1, 12200, 1645534021, NULL),
(1226, 84, 1, 13500, 1645534079, NULL),
(1227, 10, 1, 14500, 1645534122, NULL),
(1228, 84, 1, 11900, 1645534184, NULL),
(1229, 10, 1, 12400, 1645534232, NULL),
(1230, 10, 1, 14150, 1645534333, NULL),
(1231, 10, 1, 15200, 1645534435, NULL),
(1232, 84, 1, 10850, 1645534482, NULL),
(1233, 10, 1, 10700, 1645534538, NULL),
(1234, 10, 1, 11300, 1645534642, NULL),
(1235, 10, 1, 16900, 1645534749, NULL),
(1236, 84, 1, 9800, 1645534753, NULL),
(1237, 84, 1, 10850, 1645534857, NULL),
(1238, 84, 1, 600, 1645534961, NULL),
(1239, 84, 1, 15250, 1645535065, NULL),
(1240, 84, 1, 13950, 1645536334, NULL),
(1241, 84, 1, 11950, 1645536438, NULL),
(1242, 84, 1, 10850, 1645536586, NULL),
(1243, 84, 1, 12350, 1645537436, NULL),
(1244, 84, 1, 9750, 1645537540, NULL),
(1245, 84, 1, 6150, 1645537651, NULL),
(1246, 84, 1, 13050, 1645537799, NULL),
(1247, 84, 1, 14150, 1645537903, NULL),
(1248, 86, 18, 9, 1645537911, 10),
(1249, 84, 1, 13650, 1645538008, NULL),
(1250, 84, 1, 10150, 1645538112, NULL),
(1251, 84, 1, 11550, 1645538217, NULL),
(1252, 87, 18, 2, 1645538304, 26),
(1253, 84, 1, 14150, 1645538321, NULL),
(1254, 84, 1, 12950, 1645538427, NULL),
(1255, 84, 1, 15300, 1645538532, NULL);

-- --------------------------------------------------------

--
-- Структура таблицы `g22_game_list`
--

CREATE TABLE `g22_game_list` (
  `id_game` int(11) NOT NULL,
  `name` varchar(50) NOT NULL,
  `description` varchar(150) DEFAULT NULL,
  `type` int(11) NOT NULL,
  `link` varchar(150) NOT NULL,
  `status` varchar(15) NOT NULL,
  `img` varchar(150) NOT NULL
) ENGINE=InnoDB DEFAULT CHARSET=utf8mb3;

--
-- Дамп данных таблицы `g22_game_list`
--

INSERT INTO `g22_game_list` (`id_game`, `name`, `description`, `type`, `link`, `status`, `img`) VALUES
(1, 'Подводное Party', 'Подводное Party', 1, 'game1/indexGame1.php', 'active', 'cartin.jpg'),
(2, 'Верю - Не верю', 'Верю - Не верю', 2, 'youtube', 'active', 'cartin.jpg'),
(3, 'game2.1', '', 2, 'https://www.youtube.com/embed/Bs10lQDVPA0', 'no', 'img'),
(4, 'game2.2', '', 2, 'https://www.youtube.com/embed/Cx-wk9mRzI8', 'no', 'img'),
(5, 'game2.3', '', 2, 'https://www.youtube.com/embed/wEvfmd3jRJg', 'no', 'img'),
(6, 'game2.4', '', 2, 'https://www.youtube.com/embed/fXyr2WxjHcY', 'no', 'img'),
(7, 'game2.5', '', 2, 'https://www.youtube.com/embed/Q20J1P3IFeA', 'no', 'img'),
(8, 'game2.6', '', 2, 'https://www.youtube.com/embed/Spt3-HBvTSE', 'no', 'img'),
(9, 'game2.7', '', 2, 'https://www.youtube.com/embed/RdCbrSf91RE', 'no', 'img'),
(10, 'game2.8', '', 2, 'https://www.youtube.com/embed/AV6R6eODa7Q', 'no', 'img'),
(11, 'game2.9', '', 2, 'https://www.youtube.com/embed/MJZKLMLSUuA', 'no', 'img'),
(12, 'game2.10', '', 2, 'https://www.youtube.com/embed/5tp6Ejr2mZA', 'no', 'img'),
(13, 'game2.11', '', 2, 'https://www.youtube.com/embed/eDPWYgD6fjk', 'no', 'img'),
(14, 'game2.12', '', 2, 'https://www.youtube.com/embed/YPp7bqPFgpc', 'no', 'img'),
(15, 'Пароль на рыбьем языке', 'Пароль на рыбьем языке', 3, 'game3/indexGame3.php', 'active', 'cartin.jpg'),
(16, 'game3.1', '', 2, 'osoto elano na imato', 'no', 'img'),
(17, 'game3.2', '', 2, 'asa alano na atere na itere', 'no', 'img'),
(18, 'Найди отличия', 'Найди отличия', 4, 'game4/indexGame4.php', 'active', 'cartin.jpg');

-- --------------------------------------------------------

--
-- Структура таблицы `g22_rating`
--

CREATE TABLE `g22_rating` (
  `id_user` int(11) NOT NULL,
  `id_game` int(11) NOT NULL,
  `score` int(11) NOT NULL,
  `time` int(11) DEFAULT NULL
) ENGINE=InnoDB DEFAULT CHARSET=utf8mb3;

--
-- Дамп данных таблицы `g22_rating`
--

INSERT INTO `g22_rating` (`id_user`, `id_game`, `score`, `time`) VALUES
(4, 2, 8, NULL),
(3, 1, 23100, NULL),
(9, 2, 7, NULL),
(8, 1, 10850, NULL),
(2, 1, 46550, NULL),
(11, 1, 8850, NULL),
(10, 15, 2, 124),
(12, 1, 8650, NULL),
(13, 1, 20000, NULL),
(7, 18, 14, 2758),
(14, 1, 12400, NULL),
(10, 18, 10, 2207),
(10, 2, 7, NULL),
(2, 2, 9, NULL),
(6, 1, 13950, NULL),
(20, 1, 9650, NULL),
(6, 18, 14, 5183),
(18, 1, 16800, NULL),
(22, 2, 7, NULL),
(25, 2, 9, NULL),
(23, 1, 13150, NULL),
(8, 18, 12, 261),
(21, 1, 10250, NULL),
(24, 1, 14400, NULL),
(3, 15, 2, 823),
(27, 1, 17300, NULL),
(11, 18, 10, 341),
(7, 1, 8350, NULL),
(8, 15, 0, 136),
(29, 1, 173900, NULL),
(19, 18, 14, 2148),
(18, 18, 13, 249),
(19, 2, 8, NULL),
(32, 1, 10100, NULL),
(31, 1, 7450, NULL),
(6, 2, 6, NULL),
(33, 1, 10150, NULL),
(36, 2, 7, NULL),
(3, 18, 10, 57),
(10, 1, 20700, NULL),
(27, 15, 2, 512),
(26, 1, 14200, NULL),
(34, 1, 4150, NULL),
(39, 1, 10550, NULL),
(33, 18, 14, 4083),
(3, 2, 12, NULL),
(35, 2, 7, NULL),
(30, 18, 14, 2488),
(34, 18, 9, 112),
(25, 15, 1, 461),
(27, 2, 5, NULL),
(28, 18, 14, 667),
(31, 18, 14, 2346),
(30, 1, 13450, NULL),
(23, 18, 12, 932),
(34, 15, 1, 290),
(20, 18, 14, 2810),
(28, 1, 15150, NULL),
(11, 15, 2, 841),
(33, 2, 7, NULL),
(34, 2, 7, NULL),
(41, 18, 14, 36),
(30, 2, 8, NULL),
(4, 18, 14, 3594),
(23, 2, 5, NULL),
(31, 2, 7, NULL),
(46, 2, 7, NULL),
(45, 1, 12700, NULL),
(24, 15, 2, 1177),
(24, 2, 7, NULL),
(2, 18, 14, 86),
(27, 18, 14, 236),
(45, 2, 6, NULL),
(29, 2, 7, NULL),
(28, 2, 8, NULL),
(26, 18, 14, 5306),
(18, 15, 2, 3151),
(18, 2, 10, NULL),
(14, 18, 14, 836),
(25, 18, 14, 1032),
(2, 15, 2, 216),
(35, 18, 13, 593),
(47, 1, 10950, NULL),
(35, 1, 13150, NULL),
(25, 1, 19650, NULL),
(48, 2, 3, NULL),
(46, 15, 1, 495),
(39, 18, 12, 661),
(49, 1, 6050, NULL),
(42, 18, 12, 2015),
(11, 2, 8, NULL),
(39, 2, 8, NULL),
(6, 15, 2, 1739),
(22, 15, 2, 2166),
(50, 2, 6, NULL),
(21, 2, 7, NULL),
(46, 18, 12, 466),
(45, 18, 12, 700),
(28, 15, 0, 1490),
(13, 15, 2, 1122),
(46, 1, 4050, NULL),
(9, 15, 1, 3518),
(52, 1, 11650, NULL),
(53, 15, 0, 233),
(9, 18, 14, 3524),
(49, 18, 13, 1304),
(9, 1, 11150, NULL),
(13, 2, 11, NULL),
(52, 18, 12, 534),
(45, 15, 1, 1209),
(49, 2, 8, NULL),
(41, 15, 2, 80),
(26, 2, 6, NULL),
(41, 1, 13050, NULL),
(20, 2, 7, NULL),
(54, 2, 8, NULL),
(55, 2, 7, NULL),
(51, 1, 16800, NULL),
(21, 18, 14, 606),
(41, 2, 12, NULL),
(22, 18, 13, 1931),
(52, 2, 11, NULL),
(22, 1, 12150, NULL),
(49, 15, 2, 1488),
(51, 18, 14, 796),
(13, 18, 14, 18),
(58, 1, 13100, NULL),
(59, 1, 9150, NULL),
(51, 2, 12, NULL),
(58, 18, 11, 238),
(58, 15, 0, 20),
(58, 2, 5, NULL),
(59, 18, 9, 141),
(24, 18, 9, 313),
(60, 18, 14, 566),
(59, 2, 8, NULL),
(60, 15, 2, 936),
(60, 2, 10, NULL),
(60, 1, 14600, NULL),
(55, 1, 11050, NULL),
(55, 18, 9, 118),
(55, 15, 0, 762),
(59, 15, 2, 1712),
(51, 15, 2, 1008),
(37, 2, 3, NULL),
(56, 15, 0, 6014),
(56, 18, 14, 1197),
(62, 18, 14, 27),
(56, 1, 4350, NULL),
(62, 2, 12, NULL),
(56, 2, 12, NULL),
(62, 15, 1, 62),
(63, 2, 8, NULL),
(64, 2, 7, NULL),
(65, 1, 11350, NULL),
(65, 2, 5, NULL),
(64, 1, 11800, NULL),
(66, 2, 9, NULL),
(64, 18, 14, 540),
(67, 1, 9350, NULL),
(65, 15, 2, 803),
(70, 1, 14500, NULL),
(67, 18, 12, 501),
(70, 2, 10, NULL),
(72, 1, 13400, NULL),
(65, 18, 12, 468),
(73, 1, 14450, NULL),
(67, 15, 2, 356),
(72, 18, 14, 224),
(54, 1, 6550, NULL),
(67, 2, 4, NULL),
(72, 2, 10, NULL),
(73, 18, 12, 201),
(70, 18, 14, 2862),
(54, 18, 12, 203),
(70, 15, 1, 323),
(73, 15, 1, 685),
(74, 1, 9350, NULL),
(54, 15, 2, 632),
(73, 2, 11, NULL),
(75, 1, 9400, NULL),
(76, 2, 8, NULL),
(72, 15, 2, 1782),
(78, 18, 14, 25),
(17, 2, 4, NULL),
(81, 2, 7, NULL),
(83, 2, 6, NULL),
(82, 2, 9, NULL),
(57, 2, 3, NULL),
(82, 15, 0, 246),
(84, 1, 15300, NULL),
(84, 2, 7, NULL),
(82, 18, 12, 668),
(82, 1, 9600, NULL),
(32, 18, 13, 1340),
(32, 2, 5, NULL),
(84, 18, 12, 951),
(84, 15, 1, 1561),
(86, 18, 9, 10),
(87, 18, 2, 26);

-- --------------------------------------------------------

--
-- Структура таблицы `g22_user`
--

CREATE TABLE `g22_user` (
  `id_user` int(11) NOT NULL,
  `login` varchar(50) NOT NULL,
  `id_department` int(11) NOT NULL
) ENGINE=InnoDB DEFAULT CHARSET=utf8mb3;

--
-- Дамп данных таблицы `g22_user`
--

INSERT INTO `g22_user` (`id_user`, `login`, `id_department`) VALUES
(1, 'Lemza_S_A', 0),
(2, 'Денис Стефанишин', 1),
(3, 'nerch', 1),
(4, 'Саша', 1),
(5, 'pwspanchbob', 1),
(6, 'Валерий', 1),
(7, 'Сергей', 1),
(8, 'Илья', 1),
(9, 'Артем', 1),
(10, 'Иван', 1),
(11, 'Андрей Казанцев', 1),
(12, '4ESlav', 1),
(13, 'fil', 1),
(14, 'Павел Чечулин', 1),
(15, 'сс', 1),
(16, 'ТВИ', 1),
(17, 'Петр', 1),
(18, 'Михаил', 3),
(19, 'Юлия', 1),
(20, 'ТВ', 3),
(21, 'Антон', 3),
(22, 'Александр Симонов', 1),
(23, 'Мамонтов дмитрий', 3),
(24, 'Андрей  Чекмарев', 1),
(25, 'Максим', 3),
(26, 'Андрей', 3),
(27, 'Алексей', 3),
(28, 'alex8', 1),
(29, 'ВА', 3),
(30, 'Кукумбер', 3),
(31, 'michvich', 3),
(32, 'АлексейКарт', 2),
(33, 'azs@ktkt.ru', 3),
(34, 'Игорь Z', 2),
(35, 'Wася', 3),
(36, 'мИЛФХантер', 3),
(37, 'wwweww', 1),
(38, 'mid', 2),
(39, 'pomv', 3),
(40, 'admin', 3),
(41, 'Вячеслав Т', 3),
(42, 'Игорь', 1),
(43, 'Алёна', 2),
(44, 'Валентин', 1),
(45, 'KAI', 1),
(46, 'АндрюХА', 1),
(47, 'Кирилл', 2),
(48, 'BOTvAbrikosah', 1),
(49, 'Евген', 3),
(50, 'подводник', 3),
(51, 'Санюков Александр', 1),
(52, 'NSA', 3),
(53, 'pwzhukov', 1),
(54, 'Мужчина', 1),
(55, 'Денис', 1),
(56, 'Олег', 1),
(57, 'Коралл', 1),
(58, 'Шибаев Дмитрий', 2),
(59, 'Гостев Алексей', 2),
(60, 'crazy-i-van', 3),
(61, 'Лютиков', 1),
(62, 'Денис Стефанишин :)', 1),
(63, 'Романов Артём', 3),
(64, 'Аквалангист  3000', 1),
(65, 'v_m_medvedev', 1),
(66, 'па', 2),
(67, 'Трофимыч', 2),
(68, 'рол', 1),
(69, 'ап', 2),
(70, 'Евгений С.', 1),
(71, 'Макс', 1),
(72, 'Контактный Аквалангист', 1),
(73, 'Павел V', 1),
(74, '12345', 2),
(75, '54321', 3),
(76, 'Паве л', 1),
(77, '234234', 3),
(78, 'Денис Стефанишин :) еще разок', 1),
(79, 'volga', 1),
(80, 'pwohota', 1),
(81, 'тестович', 1),
(82, 'Тест', 1),
(83, '1', 1),
(84, 'Вне конкурса!', 1),
(85, 'Галя', 1),
(86, 'xfg', 1),
(87, 'ее', 1);

--
-- Индексы сохранённых таблиц
--

--
-- Индексы таблицы `g22_game_event`
--
ALTER TABLE `g22_game_event`
  ADD PRIMARY KEY (`id_event`),
  ADD KEY `id_game` (`id_game`),
  ADD KEY `id_user` (`id_user`);

--
-- Индексы таблицы `g22_game_list`
--
ALTER TABLE `g22_game_list`
  ADD PRIMARY KEY (`id_game`);

--
-- Индексы таблицы `g22_rating`
--
ALTER TABLE `g22_rating`
  ADD KEY `id_game` (`id_game`),
  ADD KEY `id_user` (`id_user`);

--
-- Индексы таблицы `g22_user`
--
ALTER TABLE `g22_user`
  ADD PRIMARY KEY (`id_user`),
  ADD UNIQUE KEY `login` (`login`);

--
-- AUTO_INCREMENT для сохранённых таблиц
--

--
-- AUTO_INCREMENT для таблицы `g22_game_event`
--
ALTER TABLE `g22_game_event`
  MODIFY `id_event` int(11) NOT NULL AUTO_INCREMENT, AUTO_INCREMENT=1256;

--
-- AUTO_INCREMENT для таблицы `g22_game_list`
--
ALTER TABLE `g22_game_list`
  MODIFY `id_game` int(11) NOT NULL AUTO_INCREMENT, AUTO_INCREMENT=19;

--
-- AUTO_INCREMENT для таблицы `g22_user`
--
ALTER TABLE `g22_user`
  MODIFY `id_user` int(11) NOT NULL AUTO_INCREMENT, AUTO_INCREMENT=88;

--
-- Ограничения внешнего ключа сохраненных таблиц
--

--
-- Ограничения внешнего ключа таблицы `g22_game_event`
--
ALTER TABLE `g22_game_event`
  ADD CONSTRAINT `g22_game_event_ibfk_1` FOREIGN KEY (`id_game`) REFERENCES `g22_game_list` (`id_game`),
  ADD CONSTRAINT `g22_game_event_ibfk_2` FOREIGN KEY (`id_user`) REFERENCES `g22_user` (`id_user`);

--
-- Ограничения внешнего ключа таблицы `g22_rating`
--
ALTER TABLE `g22_rating`
  ADD CONSTRAINT `g22_rating_ibfk_1` FOREIGN KEY (`id_game`) REFERENCES `g22_game_list` (`id_game`),
  ADD CONSTRAINT `g22_rating_ibfk_2` FOREIGN KEY (`id_user`) REFERENCES `g22_user` (`id_user`);
COMMIT;

/*!40101 SET CHARACTER_SET_CLIENT=@OLD_CHARACTER_SET_CLIENT */;
/*!40101 SET CHARACTER_SET_RESULTS=@OLD_CHARACTER_SET_RESULTS */;
/*!40101 SET COLLATION_CONNECTION=@OLD_COLLATION_CONNECTION */;
